0;0;1599645059021;SamsungSM-R820;True;0;1599645072777;DRINK ;ALEX ;False
1;1;1599645059021;GA;0.117248312;2.02911353;7.86520767
2;2;1599645059021;GR;-7.56;22.75;-7.56
3;3;1599645059065;GA;0.117248312;2.02911353;7.86520767
4;4;1599645059065;GR;-7.56;22.75;-7.56
5;5;1599645059087;GA;-0.504885554;3.050849;11.3611221
6;6;1599645059087;GR;-11.69;20.02;2.1
7;7;1599645059109;GA;-0.504885554;3.050849;11.3611221
8;8;1599645059109;GR;-11.69;20.02;2.1
9;9;1599645059130;GA;-1.71086824;4.130012;10.3728857
10;10;1599645059130;GR;12.46;25.9;43.26
11;11;1599645059152;GA;-1.71086824;4.130012;10.3728857
12;12;1599645059152;GR;12.46;25.9;43.26
13;13;1599645059174;GA;-1.84486628;0.7585248;12.0957184
14;14;1599645059174;GR;-45.15;16.73;36.47
15;15;1599645059196;GA;-1.84486628;0.7585248;12.0957184
16;16;1599645059196;GR;-45.15;16.73;36.47
17;17;1599645059217;GA;-1.84486628;0.7585248;12.0957184
18;18;1599645059217;GR;-45.15;16.73;36.47
19;19;1599645059239;GA;-1.18923283;1.21316111;11.1768742
20;20;1599645059239;GR;1.82;-4.69;29.82
21;21;1599645059261;GA;-1.18923283;1.21316111;11.1768742
22;22;1599645059261;GR;1.82;-4.69;29.82
23;23;1599645059282;GA;-1.18923283;1.21316111;11.1768742
24;24;1599645059282;GR;1.82;-4.69;29.82
25;25;1599645059304;GA;-0.674775958;0.6221339;10.07139
26;26;1599645059304;GR;2.94;3.71;18.9
27;27;1599645059325;GA;-0.674775958;0.6221339;10.07139
28;28;1599645059325;GR;2.94;3.71;18.9
29;29;1599645059347;GA;-0.674775958;0.6221339;10.07139
30;30;1599645059347;GR;2.94;3.71;18.9
31;31;1599645059368;GA;-1.26819611;1.361516;10.5403843
32;32;1599645059368;GR;6.93;10.15;12.46
33;33;1599645059390;GA;-1.26819611;1.361516;10.5403843
34;34;1599645059390;GR;6.93;10.15;12.46
35;35;1599645059411;GA;-1.26819611;1.361516;10.5403843
36;36;1599645059411;GR;6.93;10.15;12.46
37;37;1599645059430;GA;-6.326623;1.51226389;11.3228369
38;38;1599645059430;GR;-7.91;-13.16;39.62
39;39;1599645059451;GA;-6.326623;1.51226389;11.3228369
40;40;1599645059451;GR;-7.91;-13.16;39.62
41;41;1599645059473;GA;-6.326623;1.51226389;11.3228369
42;42;1599645059473;GR;-7.91;-13.16;39.62
43;43;1599645059494;GA;-0.574277461;4.149154;9.339187
44;44;1599645059494;GR;3.29;-47.74;67.76
45;45;1599645059516;GA;-0.574277461;4.149154;9.339187
46;46;1599645059516;GR;3.29;-47.74;67.76
47;47;1599645059537;GA;2.14157629;2.30189538;5.63988352
48;48;1599645059537;GR;46.55;-4.55;105.14
49;49;1599645059559;GA;2.14157629;2.30189538;5.63988352
50;50;1599645059559;GR;46.55;-4.55;105.14
51;51;1599645059581;GA;2.14157629;2.30189538;5.63988352
52;52;1599645059581;GR;46.55;-4.55;105.14
53;53;1599645059602;GA;3.66580439;-0.222532481;5.98445
54;54;1599645059602;GR;39.76;75.46;96.46
55;55;1599645059624;GA;3.66580439;-0.222532481;5.98445
56;56;1599645059624;GR;39.76;75.46;96.46
57;57;1599645059645;GA;3.66580439;-0.222532481;5.98445
58;58;1599645059645;GR;39.76;75.46;96.46
59;59;1599645059666;GA;1.97886431;0.4546363;7.73120975
60;60;1599645059666;GR;-18.69;71.61;48.3
61;61;1599645059688;GA;1.97886431;0.4546363;7.73120975
62;62;1599645059688;GR;-18.69;71.61;48.3
63;63;1599645059710;GA;1.97886431;0.4546363;7.73120975
64;64;1599645059710;GR;-18.69;71.61;48.3
65;65;1599645059731;GA;-0.04785645;1.16769743;12.3565359
66;66;1599645059731;GR;-2.87000012;56.07;31.15
67;67;1599645059753;GA;-0.04785645;1.16769743;12.3565359
68;68;1599645059753;GR;-2.87000012;56.07;31.15
69;69;1599645059774;GA;-1.45244336;2.00518537;10.1503534
70;70;1599645059774;GR;-47.39;30.3800011;16.38
71;71;1599645059796;GA;-1.45244336;2.00518537;10.1503534
72;72;1599645059796;GR;-47.39;30.3800011;16.38
73;73;1599645059817;GA;-1.45244336;2.00518537;10.1503534
74;74;1599645059817;GR;-47.39;30.3800011;16.38
75;75;1599645059838;GA;-2.1487546;1.71565378;11.2055883
76;76;1599645059838;GR;-27.23;8.82;9.1
77;77;1599645059860;GA;-2.1487546;1.71565378;11.2055883
78;78;1599645059860;GR;-27.23;8.82;9.1
79;79;1599645059881;GA;-2.1487546;1.71565378;11.2055883
80;80;1599645059881;GR;-27.23;8.82;9.1
81;81;1599645059903;GA;-2.024328;0.8901299;11.3228369
82;82;1599645059903;GR;-22.05;-7.49000025;6.3
83;83;1599645059925;GA;-2.024328;0.8901299;11.3228369
84;84;1599645059925;GR;-22.05;-7.49000025;6.3
85;85;1599645059949;GA;-2.024328;0.8901299;11.3228369
86;86;1599645059949;GR;-22.05;-7.49000025;6.3
87;87;1599645059970;GA;-0.251246363;1.8113668;9.128618
88;88;1599645059970;GR;-17.92;6.93;2.03
89;89;1599645059992;GA;-0.251246363;1.8113668;9.128618
90;90;1599645059992;GR;-17.92;6.93;2.03
91;91;1599645060013;GA;-1.10309124;0.600598454;10.3728857
92;92;1599645060013;GR;3.01;-5.11;1.68000007
93;93;1599645060046;GA;-1.10309124;0.600598454;10.3728857
94;94;1599645060046;GR;3.01;-5.11;1.68000007
95;95;1599645060080;GA;-1.10309124;0.600598454;10.3728857
96;96;1599645060080;GR;3.01;-5.11;1.68000007
97;97;1599645060104;GA;-0.8805587;1.378266;9.229117
98;98;1599645060104;GR;0.56;0.28;2.17
99;99;1599645060125;GA;-0.8805587;1.378266;9.229117
100;100;1599645060125;GR;0.56;0.28;2.17
101;101;1599645060148;GA;-1.19641137;0.9523434;10.0857468
102;102;1599645060148;GR;3.01;-1.68000007;1.54
103;103;1599645060169;GA;-1.19641137;0.9523434;10.0857468
104;104;1599645060169;GR;3.01;-1.68000007;1.54
105;105;1599645060191;GA;-1.19641137;0.9523434;10.0857468
106;106;1599645060191;GR;3.01;-1.68000007;1.54
107;107;1599645060213;GA;-1.17966151;1.34237349;9.504292
108;108;1599645060213;GR;-2.38;-1.4;0.56
109;109;1599645060236;GA;-1.17966151;1.34237349;9.504292
110;110;1599645060236;GR;-2.38;-1.4;0.56
111;111;1599645060257;GA;-1.0648061;0.600598454;9.690931
112;112;1599645060257;GR;0.14;-0.07;1.82
113;113;1599645060279;GA;-1.0648061;0.600598454;9.690931
114;114;1599645060279;GR;0.14;-0.07;1.82
115;115;1599645060300;GA;-1.0648061;0.600598454;9.690931
116;116;1599645060300;GR;0.14;-0.07;1.82
117;117;1599645060322;GA;-1.08394861;1.83529484;10.5714912
118;118;1599645060322;GR;2.73;-1.68000007;2.52
119;119;1599645060344;GA;-1.08394861;1.83529484;10.5714912
120;120;1599645060344;GR;2.73;-1.68000007;2.52
121;121;1599645060365;GA;-1.08394861;1.83529484;10.5714912
122;122;1599645060365;GR;2.73;-1.68000007;2.52
123;123;1599645060391;GA;-0.600598454;0.6173482;10.2197456
124;124;1599645060391;GR;-12.67;-10.85;3.22
125;125;1599645060413;GA;-0.600598454;0.6173482;10.2197456
126;126;1599645060413;GR;-12.67;-10.85;3.22
127;127;1599645060434;GA;-0.023928225;1.32562363;9.016156
128;128;1599645060434;GR;-49.98;-30.87;-1.54
129;129;1599645060456;GA;-0.023928225;1.32562363;9.016156
130;130;1599645060456;GR;-49.98;-30.87;-1.54
131;131;1599645060477;GA;-0.023928225;1.32562363;9.016156
132;132;1599645060477;GR;-49.98;-30.87;-1.54
133;133;1599645060499;GA;0.2416751;-0.698704243;9.71486
134;134;1599645060499;GR;-125.51;-33.11;-14.91
135;135;1599645060521;GA;0.2416751;-0.698704243;9.71486
136;136;1599645060521;GR;-125.51;-33.11;-14.91
137;137;1599645060542;GA;0.2416751;-0.698704243;9.71486
138;138;1599645060542;GR;-125.51;-33.11;-14.91
139;139;1599645060564;GA;0.260817677;-1.73958206;9.810574
140;140;1599645060564;GR;-95.83;-37.8;-15.54
141;141;1599645060585;GA;0.260817677;-1.73958206;9.810574
142;142;1599645060585;GR;-95.83;-37.8;-15.54
143;143;1599645060607;GA;0.260817677;-1.73958206;9.810574
144;144;1599645060607;GR;-95.83;-37.8;-15.54
145;145;1599645060628;GA;0.6723832;-2.7684958;9.107083
146;146;1599645060628;GR;-44.73;-37.73;-16.73
147;147;1599645060649;GA;0.6723832;-2.7684958;9.107083
148;148;1599645060649;GR;-44.73;-37.73;-16.73
149;149;1599645060671;GA;0.6723832;-2.7684958;9.107083
150;150;1599645060671;GR;-44.73;-37.73;-16.73
151;151;1599645060692;GA;0.940379262;-2.57707;8.477771
152;152;1599645060692;GR;-105.07;-27.37;-21.07
153;153;1599645060714;GA;0.940379262;-2.57707;8.477771
154;154;1599645060714;GR;-105.07;-27.37;-21.07
155;155;1599645060735;GA;1.04327071;-3.90269375;8.252845
156;156;1599645060735;GR;-122.22;-17.710001;-12.88
157;157;1599645060757;GA;1.04327071;-3.90269375;8.252845
158;158;1599645060757;GR;-122.22;-17.710001;-12.88
159;159;1599645060779;GA;1.04327071;-3.90269375;8.252845
160;160;1599645060779;GR;-122.22;-17.710001;-12.88
161;161;1599645060800;GA;0.940379262;-5.52742;8.38445
162;162;1599645060800;GR;-127.96;-7.35;-11.41
163;163;1599645060821;GA;0.940379262;-5.52742;8.38445
164;164;1599645060821;GR;-127.96;-7.35;-11.41
165;165;1599645060843;GA;0.940379262;-5.52742;8.38445
166;166;1599645060843;GR;-127.96;-7.35;-11.41
167;167;1599645060872;GA;1.43330085;-5.828916;7.17128944
168;168;1599645060872;GR;-82.53;3.5;-5.74000025
169;169;1599645060894;GA;1.43330085;-5.828916;7.17128944
170;170;1599645060894;GR;-82.53;3.5;-5.74000025
171;171;1599645060916;GA;0.624526739;-7.12821865;7.22871733
172;172;1599645060916;GR;-83.090004;8.54;-5.11
173;173;1599645060938;GA;0.624526739;-7.12821865;7.22871733
174;174;1599645060938;GR;-83.090004;8.54;-5.11
175;175;1599645060959;GA;0.624526739;-7.12821865;7.22871733
176;176;1599645060959;GR;-83.090004;8.54;-5.11
177;177;1599645060981;GA;0.619741;-7.855636;7.21436
178;178;1599645060981;GR;-66.43;4.34;1.61
179;179;1599645061002;GA;0.619741;-7.855636;7.21436
180;180;1599645061002;GR;-66.43;4.34;1.61
181;181;1599645061039;GA;0.619741;-7.855636;7.21436
182;182;1599645061039;GR;-66.43;4.34;1.61
183;183;1599645061060;GA;0.9667004;-8.42991352;6.13280439
184;184;1599645061060;GR;-28.6300011;-1.61;-1.75
185;185;1599645061095;GA;0.9667004;-8.42991352;6.13280439
186;186;1599645061095;GR;-28.6300011;-1.61;-1.75
187;187;1599645061119;GA;1.2777673;-7.41775036;5.79302359
188;188;1599645061119;GR;-43.75;9.52;-5.32
189;189;1599645061140;GA;1.2777673;-7.41775036;5.79302359
190;190;1599645061140;GR;-43.75;9.52;-5.32
191;191;1599645061162;GA;1.13180518;-7.98724127;6.09212637
192;192;1599645061162;GR;11.06;5.67;-6.93
193;193;1599645061184;GA;1.13180518;-7.98724127;6.09212637
194;194;1599645061184;GR;11.06;5.67;-6.93
195;195;1599645061205;GA;1.13180518;-7.98724127;6.09212637
196;196;1599645061205;GR;11.06;5.67;-6.93
197;197;1599645061227;GA;1.27298152;-8.700303;6.43669271
198;198;1599645061227;GR;15.68;-0.7;-14.0
199;199;1599645061249;GA;1.27298152;-8.700303;6.43669271
200;200;1599645061249;GR;15.68;-0.7;-14.0
201;201;1599645061271;GA;1.27298152;-8.700303;6.43669271
202;202;1599645061271;GR;15.68;-0.7;-14.0
203;203;1599645061292;GA;1.23469639;-9.829715;7.724032
204;204;1599645061292;GR;-8.33;-15.54;-29.33
205;205;1599645061314;GA;1.23469639;-9.829715;7.724032
206;206;1599645061314;GR;-8.33;-15.54;-29.33
207;207;1599645061335;GA;1.98843563;-8.652447;6.94875669
208;208;1599645061335;GR;20.02;-18.76;-43.96
209;209;1599645061357;GA;1.98843563;-8.652447;6.94875669
210;210;1599645061357;GR;20.02;-18.76;-43.96
211;211;1599645061378;GA;1.98843563;-8.652447;6.94875669
212;212;1599645061378;GR;20.02;-18.76;-43.96
213;213;1599645061401;GA;2.52921343;-7.958528;7.07079124
214;214;1599645061401;GR;6.44;-15.12;-54.39
215;215;1599645061422;GA;2.52921343;-7.958528;7.07079124
216;216;1599645061422;GR;6.44;-15.12;-54.39
217;217;1599645061444;GA;2.52921343;-7.958528;7.07079124
218;218;1599645061444;GR;6.44;-15.12;-54.39
219;219;1599645061466;GA;3.25423884;-7.391429;6.2309103
220;220;1599645061466;GR;7.98;-8.12;-58.1
221;221;1599645061487;GA;3.25423884;-7.391429;6.2309103
222;222;1599645061487;GR;7.98;-8.12;-58.1
223;223;1599645061509;GA;3.25423884;-7.391429;6.2309103
224;224;1599645061509;GR;7.98;-8.12;-58.1
225;225;1599645061531;GA;3.45762873;-6.98225641;6.530013
226;226;1599645061531;GR;19.460001;-2.38;-59.08
227;227;1599645061552;GA;3.45762873;-6.98225641;6.530013
228;228;1599645061552;GR;19.460001;-2.38;-59.08
229;229;1599645061573;GA;3.71605349;-6.501299;5.80738068
230;230;1599645061573;GR;33.74;4.2;-55.86
231;231;1599645061595;GA;3.71605349;-6.501299;5.80738068
232;232;1599645061595;GR;33.74;4.2;-55.86
233;233;1599645061616;GA;3.71605349;-6.501299;5.80738068
234;234;1599645061616;GR;33.74;4.2;-55.86
235;235;1599645061638;GA;3.97447824;-5.86959362;6.30508757
236;236;1599645061638;GR;28.84;3.85;-54.46
237;237;1599645061659;GA;3.97447824;-5.86959362;6.30508757
238;238;1599645061659;GR;28.84;3.85;-54.46
239;239;1599645061681;GA;3.97447824;-5.86959362;6.30508757
240;240;1599645061681;GR;28.84;3.85;-54.46
241;241;1599645061703;GA;4.09411955;-6.41755056;6.728617
242;242;1599645061703;GR;16.24;5.04;-50.33
243;243;1599645061724;GA;4.09411955;-6.41755056;6.728617
244;244;1599645061724;GR;16.24;5.04;-50.33
245;245;1599645061745;GA;4.09411955;-6.41755056;6.728617
246;246;1599645061745;GR;16.24;5.04;-50.33
247;247;1599645061767;GA;4.508078;-5.505885;6.29551649
248;248;1599645061767;GR;6.02;5.11;-49.21
249;249;1599645061788;GA;4.508078;-5.505885;6.29551649
250;250;1599645061788;GR;6.02;5.11;-49.21
251;251;1599645061811;GA;4.66121864;-5.14217567;6.81715155
252;252;1599645061811;GR;-1.4;0.91;-48.79
253;253;1599645061832;GA;4.66121864;-5.14217567;6.81715155
254;254;1599645061832;GR;-1.4;0.91;-48.79
255;255;1599645061854;GA;4.66121864;-5.14217567;6.81715155
256;256;1599645061854;GR;-1.4;0.91;-48.79
257;257;1599645061879;GA;4.766503;-4.814359;6.56829834
258;258;1599645061879;GR;23.94;1.54;-44.38
259;259;1599645061902;GA;4.766503;-4.814359;6.56829834
260;260;1599645061902;GR;23.94;1.54;-44.38
261;261;1599645061924;GA;4.766503;-4.814359;6.56829834
262;262;1599645061924;GR;23.94;1.54;-44.38
263;263;1599645061946;GA;4.91007233;-4.223332;7.4512496
264;264;1599645061946;GR;10.71;3.29;-40.88
265;265;1599645061967;GA;4.91007233;-4.223332;7.4512496
266;266;1599645061967;GR;10.71;3.29;-40.88
267;267;1599645061989;GA;4.91007233;-4.223332;7.4512496
268;268;1599645061989;GR;10.71;3.29;-40.88
269;269;1599645062011;GA;5.13499737;-3.95772862;6.59461927
270;270;1599645062011;GR;20.58;3.01;-37.03
271;271;1599645062046;GA;5.13499737;-3.95772862;6.59461927
272;272;1599645062046;GR;20.58;3.01;-37.03
273;273;1599645062067;GA;5.563312;-3.345166;6.745367
274;274;1599645062067;GR;31.64;1.68000007;-33.88
275;275;1599645062104;GA;5.563312;-3.345166;6.745367
276;276;1599645062104;GR;31.64;1.68000007;-33.88
277;277;1599645062125;GA;5.577669;-2.801995;7.054041
278;278;1599645062125;GR;24.08;1.47;-30.45
279;279;1599645062147;GA;5.577669;-2.801995;7.054041
280;280;1599645062147;GR;24.08;1.47;-30.45
281;281;1599645062169;GA;5.577669;-2.801995;7.054041
282;282;1599645062169;GR;24.08;1.47;-30.45
283;283;1599645062190;GA;5.630312;-2.96710014;7.015756
284;284;1599645062190;GR;25.62;4.97;-28.7
285;285;1599645062212;GA;5.630312;-2.96710014;7.015756
286;286;1599645062212;GR;25.62;4.97;-28.7
287;287;1599645062234;GA;5.393422;-1.78504562;6.9272213
288;288;1599645062234;GR;34.09;6.3;-21.7
289;289;1599645062255;GA;5.393422;-1.78504562;6.9272213
290;290;1599645062255;GR;34.09;6.3;-21.7
291;291;1599645062277;GA;5.393422;-1.78504562;6.9272213
292;292;1599645062277;GR;34.09;6.3;-21.7
293;293;1599645062298;GA;5.73320341;-2.04586339;7.70010328
294;294;1599645062298;GR;13.09;8.19;-18.9
295;295;1599645062320;GA;5.73320341;-2.04586339;7.70010328
296;296;1599645062320;GR;13.09;8.19;-18.9
297;297;1599645062341;GA;5.73320341;-2.04586339;7.70010328
298;298;1599645062341;GR;13.09;8.19;-18.9
299;299;1599645062363;GA;5.69013262;-1.768296;7.508677
300;300;1599645062363;GR;5.46;3.64;-14.07
301;301;1599645062384;GA;5.69013262;-1.768296;7.508677
302;302;1599645062384;GR;5.46;3.64;-14.07
303;303;1599645062406;GA;5.69013262;-1.768296;7.508677
304;304;1599645062406;GR;5.46;3.64;-14.07
305;305;1599645062427;GA;5.785845;-1.82572353;7.63310432
306;306;1599645062427;GR;18.55;2.52;-8.82
307;307;1599645062449;GA;5.785845;-1.82572353;7.63310432
308;308;1599645062449;GR;18.55;2.52;-8.82
309;309;1599645062471;GA;5.761917;-1.20119691;8.353344
310;310;1599645062471;GR;26.81;2.66;-4.83
311;311;1599645062492;GA;5.761917;-1.20119691;8.353344
312;312;1599645062492;GR;26.81;2.66;-4.83
313;313;1599645062514;GA;5.761917;-1.20119691;8.353344
314;314;1599645062514;GR;26.81;2.66;-4.83
315;315;1599645062535;GA;5.931807;-1.77068865;8.329416
316;316;1599645062535;GR;6.93;0.420000017;-2.8
317;317;1599645062558;GA;5.931807;-1.77068865;8.329416
318;318;1599645062558;GR;6.93;0.420000017;-2.8
319;319;1599645062579;GA;5.931807;-1.77068865;8.329416
320;320;1599645062579;GR;6.93;0.420000017;-2.8
321;321;1599645062601;GA;5.876772;-1.37108731;8.059027
322;322;1599645062601;GR;17.78;3.22;-4.13
323;323;1599645062622;GA;5.876772;-1.37108731;8.059027
324;324;1599645062622;GR;17.78;3.22;-4.13
325;325;1599645062644;GA;5.876772;-1.37108731;8.059027
326;326;1599645062644;GR;17.78;3.22;-4.13
327;327;1599645062661;GA;5.85284472;-1.00259268;7.956135
328;328;1599645062661;GR;21.98;2.52;-3.71
329;329;1599645062683;GA;5.85284472;-1.00259268;7.956135
330;330;1599645062683;GR;21.98;2.52;-3.71
331;331;1599645062704;GA;5.85284472;-1.00259268;7.956135
332;332;1599645062704;GR;21.98;2.52;-3.71
333;333;1599645062725;GA;5.88634348;-0.9762717;7.96570635
334;334;1599645062725;GR;38.5;2.24;-2.94
335;335;1599645062747;GA;5.88634348;-0.9762717;7.96570635
336;336;1599645062747;GR;38.5;2.24;-2.94
337;337;1599645062769;GA;5.88634348;-0.9762717;7.96570635
338;338;1599645062769;GR;38.5;2.24;-2.94
339;339;1599645062791;GA;5.855237;-0.6436693;8.420342
340;340;1599645062791;GR;28.0;1.89;-5.53
341;341;1599645062812;GA;5.855237;-0.6436693;8.420342
342;342;1599645062812;GR;28.0;1.89;-5.53
343;343;1599645062834;GA;5.82413;-0.4235296;7.96809959
344;344;1599645062834;GR;23.17;1.96;-7.77
345;345;1599645062859;GA;5.82413;-0.4235296;7.96809959
346;346;1599645062859;GR;23.17;1.96;-7.77
347;347;1599645062882;GA;5.82413;-0.4235296;7.96809959
348;348;1599645062882;GR;23.17;1.96;-7.77
349;349;1599645062904;GA;5.895915;0.110069841;8.003991
350;350;1599645062904;GR;32.97;1.4;-8.47
351;351;1599645062925;GA;5.895915;0.110069841;8.003991
352;352;1599645062925;GR;32.97;1.4;-8.47
353;353;1599645062947;GA;5.895915;0.110069841;8.003991
354;354;1599645062947;GR;32.97;1.4;-8.47
355;355;1599645062969;GA;5.7786665;0.244067922;8.133204
356;356;1599645062969;GR;28.91;-5.18;-8.12
357;357;1599645062992;GA;5.7786665;0.244067922;8.133204
358;358;1599645062992;GR;28.91;-5.18;-8.12
359;359;1599645063013;GA;5.71406031;0.342173636;7.853244
360;360;1599645063013;GR;31.85;-3.36000013;-8.68
361;361;1599645063050;GA;5.71406031;0.342173636;7.853244
362;362;1599645063050;GR;31.85;-3.36000013;-8.68
363;363;1599645063072;GA;5.91745;0.933200836;7.59960461
364;364;1599645063072;GR;36.05;1.05;-10.92
365;365;1599645063109;GA;5.91745;0.933200836;7.59960461
366;366;1599645063109;GR;36.05;1.05;-10.92
367;367;1599645063134;GA;5.9270215;1.36390889;7.68335342
368;368;1599645063134;GR;36.4;1.47;-9.45
369;369;1599645063155;GA;5.9270215;1.36390889;7.68335342
370;370;1599645063155;GR;36.4;1.47;-9.45
371;371;1599645063177;GA;5.9270215;1.36390889;7.68335342
372;372;1599645063177;GR;36.4;1.47;-9.45
373;373;1599645063198;GA;5.9270215;1.36390889;7.68335342
374;374;1599645063198;GR;36.4;1.47;-9.45
375;375;1599645063220;GA;5.682954;1.91665089;7.66660357
376;376;1599645063220;GR;25.13;5.67;-6.3
377;377;1599645063242;GA;5.682954;1.91665089;7.66660357
378;378;1599645063242;GR;25.13;5.67;-6.3
379;379;1599645063264;GA;5.680561;1.73001075;7.64746141
380;380;1599645063264;GR;22.89;10.29;-5.88
381;381;1599645063285;GA;5.680561;1.73001075;7.64746141
382;382;1599645063285;GR;22.89;10.29;-5.88
383;383;1599645063307;GA;5.680561;1.73001075;7.64746141
384;384;1599645063307;GR;22.89;10.29;-5.88
385;385;1599645063328;GA;5.7786665;2.12243366;7.88913631
386;386;1599645063328;GR;22.61;6.72000027;-6.23
387;387;1599645063350;GA;5.7786665;2.12243366;7.88913631
388;388;1599645063350;GR;22.61;6.72000027;-6.23
389;389;1599645063371;GA;5.534599;2.0530417;7.68813848
390;390;1599645063371;GR;21.42;4.76;-4.06
391;391;1599645063393;GA;5.534599;2.0530417;7.68813848
392;392;1599645063393;GR;21.42;4.76;-4.06
393;393;1599645063415;GA;5.534599;2.0530417;7.68813848
394;394;1599645063415;GR;21.42;4.76;-4.06
395;395;1599645063438;GA;5.34556532;2.68235421;7.54696274
396;396;1599645063438;GR;14.0;2.03;-4.9
397;397;1599645063460;GA;5.34556532;2.68235421;7.54696274
398;398;1599645063460;GR;14.0;2.03;-4.9
399;399;1599645063482;GA;5.34556532;2.68235421;7.54696274
400;400;1599645063482;GR;14.0;2.03;-4.9
401;401;1599645063504;GA;5.37906551;2.47657156;7.80778027
402;402;1599645063504;GR;24.15;2.45;-4.48
403;403;1599645063527;GA;5.37906551;2.47657156;7.80778027
404;404;1599645063527;GR;24.15;2.45;-4.48
405;405;1599645063548;GA;5.367101;2.912065;7.80778027
406;406;1599645063548;GR;19.32;1.89;-5.18
407;407;1599645063570;GA;5.367101;2.912065;7.80778027
408;408;1599645063570;GR;19.32;1.89;-5.18
409;409;1599645063592;GA;5.367101;2.912065;7.80778027
410;410;1599645063592;GR;19.32;1.89;-5.18
411;411;1599645063614;GA;5.55134869;2.940779;7.69771
412;412;1599645063614;GR;28.210001;3.5;-5.25
413;413;1599645063637;GA;5.55134869;2.940779;7.69771
414;414;1599645063637;GR;28.210001;3.5;-5.25
415;415;1599645063658;GA;5.55134869;2.940779;7.69771
416;416;1599645063658;GR;28.210001;3.5;-5.25
417;417;1599645063680;GA;5.541777;3.25663161;7.26460934
418;418;1599645063680;GR;22.4;2.24;-5.32
419;419;1599645063702;GA;5.541777;3.25663161;7.26460934
420;420;1599645063702;GR;22.4;2.24;-5.32
421;421;1599645063723;GA;5.541777;3.25663161;7.26460934
422;422;1599645063723;GR;22.4;2.24;-5.32
423;423;1599645063744;GA;5.199604;3.627519;7.39860725
424;424;1599645063744;GR;21.210001;3.64;-4.69
425;425;1599645063766;GA;5.199604;3.627519;7.39860725
426;426;1599645063766;GR;21.210001;3.64;-4.69
427;427;1599645063787;GA;5.199604;3.627519;7.39860725
428;428;1599645063787;GR;21.210001;3.64;-4.69
429;429;1599645063809;GA;5.2450676;3.51984215;7.499106
430;430;1599645063809;GR;25.69;4.76;-7.14
431;431;1599645063830;GA;5.2450676;3.51984215;7.499106
432;432;1599645063830;GR;25.69;4.76;-7.14
433;433;1599645063852;GA;5.2450676;3.51984215;7.499106
434;434;1599645063852;GR;25.69;4.76;-7.14
435;435;1599645063879;GA;5.27856636;4.055835;6.73818827
436;436;1599645063879;GR;18.76;2.66;-6.79
437;437;1599645063900;GA;5.27856636;4.055835;6.73818827
438;438;1599645063900;GR;18.76;2.66;-6.79
439;439;1599645063922;GA;5.13738966;4.4171505;7.25264549
440;440;1599645063922;GR;24.5;3.71;-7.49000025
441;441;1599645063944;GA;5.13738966;4.4171505;7.25264549
442;442;1599645063944;GR;24.5;3.71;-7.49000025
443;443;1599645063966;GA;5.13738966;4.4171505;7.25264549
444;444;1599645063966;GR;24.5;3.71;-7.49000025
445;445;1599645063987;GA;5.04407;3.96490717;6.98464966
446;446;1599645063987;GR;14.91;3.85;-5.39
447;447;1599645064008;GA;5.04407;3.96490717;6.98464966
448;448;1599645064008;GR;14.91;3.85;-5.39
449;449;1599645064044;GA;4.878965;4.668397;7.013363
450;450;1599645064044;GR;20.86;0.28;-4.9
451;451;1599645064065;GA;4.878965;4.668397;7.013363
452;452;1599645064065;GR;20.86;0.28;-4.9
453;453;1599645064087;GA;4.878965;4.668397;7.013363
454;454;1599645064087;GR;20.86;0.28;-4.9
455;455;1599645064122;GA;4.718646;4.54157734;6.838687
456;456;1599645064122;GR;27.86;0.77;-4.2
457;457;1599645064144;GA;4.718646;4.54157734;6.838687
458;458;1599645064144;GR;27.86;0.77;-4.2
459;459;1599645064165;GA;5.03449869;4.93160772;6.826723
460;460;1599645064165;GR;16.38;-1.61;-3.85
461;461;1599645064187;GA;5.03449869;4.93160772;6.826723
462;462;1599645064187;GR;16.38;-1.61;-3.85
463;463;1599645064210;GA;4.79760933;5.04646254;6.235696
464;464;1599645064210;GR;13.93;-1.4;-1.68000007
465;465;1599645064231;GA;4.79760933;5.04646254;6.235696
466;466;1599645064231;GR;13.93;-1.4;-1.68000007
467;467;1599645064253;GA;4.79760933;5.04646254;6.235696
468;468;1599645064253;GR;13.93;-1.4;-1.68000007
469;469;1599645064274;GA;4.84785843;4.919643;6.33380127
470;470;1599645064274;GR;11.41;-2.03;-1.61
471;471;1599645064296;GA;4.84785843;4.919643;6.33380127
472;472;1599645064296;GR;11.41;-2.03;-1.61
473;473;1599645064317;GA;4.84785843;4.919643;6.33380127
474;474;1599645064317;GR;11.41;-2.03;-1.61
475;475;1599645064341;GA;4.85264444;5.25942373;6.24048138
476;476;1599645064341;GR;10.15;0.49;1.12
477;477;1599645064362;GA;4.85264444;5.25942373;6.24048138
478;478;1599645064362;GR;10.15;0.49;1.12
479;479;1599645064384;GA;4.85264444;5.25942373;6.24048138
480;480;1599645064384;GR;10.15;0.49;1.12
481;481;1599645064405;GA;5.041678;5.06560564;6.37687254
482;482;1599645064405;GR;2.87000012;2.24;2.87000012
483;483;1599645064427;GA;5.041678;5.06560564;6.37687254
484;484;1599645064427;GR;2.87000012;2.24;2.87000012
485;485;1599645064448;GA;5.084748;5.20199633;5.84088
486;486;1599645064448;GR;-13.4400005;1.75;2.73
487;487;1599645064472;GA;5.084748;5.20199633;5.84088
488;488;1599645064472;GR;-13.4400005;1.75;2.73
489;489;1599645064493;GA;5.084748;5.20199633;5.84088
490;490;1599645064493;GR;-13.4400005;1.75;2.73
491;491;1599645064515;GA;4.33818769;5.556134;6.273981
492;492;1599645064515;GR;-14.35;6.44;8.54
493;493;1599645064536;GA;4.33818769;5.556134;6.273981
494;494;1599645064536;GR;-14.35;6.44;8.54
495;495;1599645064558;GA;4.33818769;5.556134;6.273981
496;496;1599645064558;GR;-14.35;6.44;8.54
497;497;1599645064580;GA;4.96749973;4.189832;6.36490774
498;498;1599645064580;GR;-40.32;4.06;10.92
499;499;1599645064602;GA;4.96749973;4.189832;6.36490774
500;500;1599645064602;GR;-40.32;4.06;10.92
501;501;1599645064623;GA;4.96749973;4.189832;6.36490774
502;502;1599645064623;GR;-40.32;4.06;10.92
503;503;1599645064646;GA;4.948357;4.599005;6.48215675
504;504;1599645064646;GR;-57.54;11.06;15.54
505;505;1599645064667;GA;4.948357;4.599005;6.48215675
506;506;1599645064667;GR;-57.54;11.06;15.54
507;507;1599645064688;GA;4.773681;4.130012;7.13778973
508;508;1599645064688;GR;-75.95;8.26;19.81
509;509;1599645064710;GA;4.773681;4.130012;7.13778973
510;510;1599645064710;GR;-75.95;8.26;19.81
511;511;1599645064731;GA;4.773681;4.130012;7.13778973
512;512;1599645064731;GR;-75.95;8.26;19.81
513;513;1599645064753;GA;4.65404034;3.02692056;7.238289
514;514;1599645064753;GR;-70.56;9.38;21.0
515;515;1599645064775;GA;4.65404034;3.02692056;7.238289
516;516;1599645064775;GR;-70.56;9.38;21.0
517;517;1599645064796;GA;4.65404034;3.02692056;7.238289
518;518;1599645064796;GR;-70.56;9.38;21.0
519;519;1599645064819;GA;4.996214;2.37368;8.372486
520;520;1599645064819;GR;-80.92;6.51;20.02
521;521;1599645064841;GA;4.996214;2.37368;8.372486
522;522;1599645064841;GR;-80.92;6.51;20.02
523;523;1599645064866;GA;4.996214;2.37368;8.372486
524;524;1599645064866;GR;-80.92;6.51;20.02
525;525;1599645064888;GA;5.18524647;1.3830514;8.370094
526;526;1599645064888;GR;-50.89;10.08;20.93
527;527;1599645064910;GA;5.18524647;1.3830514;8.370094
528;528;1599645064910;GR;-50.89;10.08;20.93
529;529;1599645064932;GA;5.113462;1.29451692;8.322237
530;530;1599645064932;GR;-78.68;5.88;24.36
531;531;1599645064954;GA;5.113462;1.29451692;8.322237
532;532;1599645064954;GR;-78.68;5.88;24.36
533;533;1599645064975;GA;5.113462;1.29451692;8.322237
534;534;1599645064975;GR;-78.68;5.88;24.36
535;535;1599645064998;GA;4.773681;0.768096;7.72163868
536;536;1599645064998;GR;-89.67;6.79;33.46
537;537;1599645065018;GA;4.773681;0.768096;7.72163868
538;538;1599645065018;GR;-89.67;6.79;33.46
539;539;1599645065042;GA;4.773681;0.768096;7.72163868
540;540;1599645065042;GR;-89.67;6.79;33.46
541;541;1599645065064;GA;4.47218561;-1.04566348;8.398808
542;542;1599645065064;GR;-128.24;1.54;33.39
543;543;1599645065099;GA;4.47218561;-1.04566348;8.398808
544;544;1599645065099;GR;-128.24;1.54;33.39
545;545;1599645065152;GA;4.82871628;-2.55792737;8.06141949
546;546;1599645065152;GR;-88.55;0.420000017;36.33
547;547;1599645065175;GA;4.80478764;-3.5796628;8.250452
548;548;1599645065175;GR;-52.08;3.78;34.58
549;549;1599645065196;GA;4.80478764;-3.5796628;8.250452
550;550;1599645065196;GR;-52.08;3.78;34.58
551;551;1599645065218;GA;4.80478764;-3.5796628;8.250452
552;552;1599645065218;GR;-52.08;3.78;34.58
553;553;1599645065241;GA;4.64925432;-3.98883557;6.92482853
554;554;1599645065241;GR;-50.89;-2.45;31.92
555;555;1599645065262;GA;4.64925432;-3.98883557;6.92482853
556;556;1599645065262;GR;-50.89;-2.45;31.92
557;557;1599645065284;GA;4.64925432;-3.98883557;6.92482853
558;558;1599645065284;GR;-50.89;-2.45;31.92
559;559;1599645065306;GA;4.34058;-4.491328;7.676175
560;560;1599645065306;GR;-51.38;-0.420000017;30.8
561;561;1599645065328;GA;4.34058;-4.491328;7.676175
562;562;1599645065328;GR;-51.38;-0.420000017;30.8
563;563;1599645065350;GA;4.53918457;-4.91007233;7.357929
564;564;1599645065350;GR;-47.11;0.77;33.18
565;565;1599645065372;GA;4.53918457;-4.91007233;7.357929
566;566;1599645065372;GR;-47.11;0.77;33.18
567;567;1599645065393;GA;4.53918457;-4.91007233;7.357929
568;568;1599645065393;GR;-47.11;0.77;33.18
569;569;1599645065415;GA;4.53918457;-4.91007233;7.357929
570;570;1599645065415;GR;-47.11;0.77;33.18
571;571;1599645065437;GA;4.64925432;-5.44845724;6.81954432
572;572;1599645065437;GR;-52.5;-1.61;36.12
573;573;1599645065458;GA;4.64925432;-5.44845724;6.81954432
574;574;1599645065458;GR;-52.5;-1.61;36.12
575;575;1599645065481;GA;4.12283325;-6.36490774;6.58983374
576;576;1599645065481;GR;-44.38;4.83;35.21
577;577;1599645065502;GA;4.12283325;-6.36490774;6.58983374
578;578;1599645065502;GR;-44.38;4.83;35.21
579;579;1599645065525;GA;4.12283325;-6.36490774;6.58983374
580;580;1599645065525;GR;-44.38;4.83;35.21
581;581;1599645065548;GA;4.01037073;-6.07537651;6.26680231
582;582;1599645065548;GR;-42.28;4.27;34.02
583;583;1599645065569;GA;4.01037073;-6.07537651;6.26680231
584;584;1599645065569;GR;-42.28;4.27;34.02
585;585;1599645065596;GA;3.63230467;-7.298109;7.09950447
586;586;1599645065596;GR;-29.4;10.36;35.49
587;587;1599645065617;GA;3.63230467;-7.298109;7.09950447
588;588;1599645065617;GR;-29.4;10.36;35.49
589;589;1599645065639;GA;3.63230467;-7.298109;7.09950447
590;590;1599645065639;GR;-29.4;10.36;35.49
591;591;1599645065662;GA;3.29730964;-6.666404;7.65463972
592;592;1599645065662;GR;-7.21;14.9800005;37.45
593;593;1599645065683;GA;3.29730964;-6.666404;7.65463972
594;594;1599645065683;GR;-7.21;14.9800005;37.45
595;595;1599645065705;GA;3.29730964;-6.666404;7.65463972
596;596;1599645065705;GR;-7.21;14.9800005;37.45
597;597;1599645065726;GA;3.189633;-6.95354271;6.5228343
598;598;1599645065726;GR;-20.16;9.7300005;41.79
599;599;1599645065748;GA;3.189633;-6.95354271;6.5228343
600;600;1599645065748;GR;-20.16;9.7300005;41.79
601;601;1599645065770;GA;2.756532;-8.080563;6.068198
602;602;1599645065770;GR;-1.05;9.38;37.24
603;603;1599645065792;GA;2.756532;-8.080563;6.068198
604;604;1599645065792;GR;-1.05;9.38;37.24
605;605;1599645065813;GA;2.756532;-8.080563;6.068198
606;606;1599645065813;GR;-1.05;9.38;37.24
607;607;1599645065835;GA;2.04825616;-6.99422073;6.45822859
608;608;1599645065835;GR;-18.27;10.43;46.34
609;609;1599645065857;GA;2.04825616;-6.99422073;6.45822859
610;610;1599645065857;GR;-18.27;10.43;46.34
611;611;1599645065887;GA;2.04825616;-6.99422073;6.45822859
612;612;1599645065887;GR;-18.27;10.43;46.34
613;613;1599645065908;GA;1.73479652;-8.719445;6.56111956
614;614;1599645065908;GR;-8.12;11.06;39.48
615;615;1599645065930;GA;1.73479652;-8.719445;6.56111956
616;616;1599645065930;GR;-8.12;11.06;39.48
617;617;1599645065951;GA;1.174876;-7.84367275;6.592227
618;618;1599645065951;GR;10.29;3.5;31.64
619;619;1599645065973;GA;1.174876;-7.84367275;6.592227
620;620;1599645065973;GR;10.29;3.5;31.64
621;621;1599645065994;GA;1.174876;-7.84367275;6.592227
622;622;1599645065994;GR;10.29;3.5;31.64
623;623;1599645066017;GA;1.16291177;-8.236095;5.75713158
624;624;1599645066017;GR;-13.16;1.33;29.4
625;625;1599645066049;GA;1.16291177;-8.236095;5.75713158
626;626;1599645066049;GR;-13.16;1.33;29.4
627;627;1599645066071;GA;0.4785645;-9.140583;6.278766
628;628;1599645066071;GR;-6.86;2.45;21.7
629;629;1599645066093;GA;0.4785645;-9.140583;6.278766
630;630;1599645066093;GR;-6.86;2.45;21.7
631;631;1599645066114;GA;0.4785645;-9.140583;6.278766
632;632;1599645066114;GR;-6.86;2.45;21.7
633;633;1599645066152;GA;0.5814559;-8.149954;5.97966337
634;634;1599645066152;GR;-9.38;3.15;13.65
635;635;1599645066175;GA;0.5814559;-8.149954;5.97966337
636;636;1599645066175;GR;-9.38;3.15;13.65
637;637;1599645066198;GA;0.6125626;-7.86520767;5.548956
638;638;1599645066198;GR;-0.07;2.1;16.31
639;639;1599645066219;GA;0.6125626;-7.86520767;5.548956
640;640;1599645066219;GR;-0.07;2.1;16.31
641;641;1599645066241;GA;0.6125626;-7.86520767;5.548956
642;642;1599645066241;GR;-0.07;2.1;16.31
643;643;1599645066263;GA;0.205782756;-8.315059;6.118448
644;644;1599645066263;GR;-13.16;-1.61;13.58
645;645;1599645066285;GA;0.205782756;-8.315059;6.118448
646;646;1599645066285;GR;-13.16;-1.61;13.58
647;647;1599645066307;GA;0.28713873;-8.49452;5.355137
648;648;1599645066307;GR;-4.83;-3.29;10.43
649;649;1599645066329;GA;0.28713873;-8.49452;5.355137
650;650;1599645066329;GR;-4.83;-3.29;10.43
651;651;1599645066351;GA;0.28713873;-8.49452;5.355137
652;652;1599645066351;GR;-4.83;-3.29;10.43
653;653;1599645066372;GA;0.299102843;-8.293523;5.642276
654;654;1599645066372;GR;-1.19;-1.47;10.85
655;655;1599645066393;GA;0.299102843;-8.293523;5.642276
656;656;1599645066393;GR;-1.19;-1.47;10.85
657;657;1599645066416;GA;0.299102843;-8.293523;5.642276
658;658;1599645066416;GR;-1.19;-1.47;10.85
659;659;1599645066439;GA;-0.0071784677;-8.207381;5.706882
660;660;1599645066439;GR;4.55;1.96;12.81
661;661;1599645066461;GA;-0.0071784677;-8.207381;5.706882
662;662;1599645066461;GR;4.55;1.96;12.81
663;663;1599645066483;GA;-0.0071784677;-8.207381;5.706882
664;664;1599645066483;GR;4.55;1.96;12.81
665;665;1599645066505;GA;0.442672163;-10.0785694;5.88873672
666;666;1599645066505;GR;-0.210000008;-1.05;3.08
667;667;1599645066526;GA;0.442672163;-10.0785694;5.88873672
668;668;1599645066526;GR;-0.210000008;-1.05;3.08
669;669;1599645066547;GA;0.39960137;-8.638089;5.680561
670;670;1599645066547;GR;7.91;-1.61;1.82
671;671;1599645066569;GA;0.39960137;-8.638089;5.680561
672;672;1599645066569;GR;7.91;-1.61;1.82
673;673;1599645066590;GA;0.39960137;-8.638089;5.680561
674;674;1599645066590;GR;7.91;-1.61;1.82
675;675;1599645066613;GA;0.105284192;-7.800602;5.24267435
676;676;1599645066613;GR;2.87000012;1.19;4.41
677;677;1599645066635;GA;0.105284192;-7.800602;5.24267435
678;678;1599645066635;GR;2.87000012;1.19;4.41
679;679;1599645066657;GA;0.105284192;-7.800602;5.24267435
680;680;1599645066657;GR;2.87000012;1.19;4.41
681;681;1599645066681;GA;-0.263210475;-8.470592;5.80738068
682;682;1599645066681;GR;1.54;3.22;1.75
683;683;1599645066702;GA;-0.263210475;-8.470592;5.80738068
684;684;1599645066702;GR;1.54;3.22;1.75
685;685;1599645066724;GA;-0.263210475;-8.470592;5.80738068
686;686;1599645066724;GR;1.54;3.22;1.75
687;687;1599645066747;GA;-0.215354055;-8.525627;6.312266
688;688;1599645066747;GR;7.98;2.38;1.89
689;689;1599645066769;GA;-0.215354055;-8.525627;6.312266
690;690;1599645066769;GR;7.98;2.38;1.89
691;691;1599645066790;GA;-0.39960137;-8.609376;6.67119
692;692;1599645066790;GR;58.31;-1.47;-3.5
693;693;1599645066813;GA;-0.39960137;-8.609376;6.67119
694;694;1599645066813;GR;58.31;-1.47;-3.5
695;695;1599645066834;GA;-0.39960137;-8.609376;6.67119
696;696;1599645066834;GR;58.31;-1.47;-3.5
697;697;1599645066857;GA;-0.41635114;-9.956534;7.05882645
698;698;1599645066857;GR;110.88;-9.8;-17.5
699;699;1599645066884;GA;-0.41635114;-9.956534;7.05882645
700;700;1599645066884;GR;110.88;-9.8;-17.5
701;701;1599645066907;GA;0.27278176;-8.17388248;7.207181
702;702;1599645066907;GR;186.41;1.89;-41.58
703;703;1599645066930;GA;0.27278176;-8.17388248;7.207181
704;704;1599645066930;GR;186.41;1.89;-41.58
705;705;1599645066951;GA;0.27278176;-8.17388248;7.207181
706;706;1599645066951;GR;186.41;1.89;-41.58
707;707;1599645066974;GA;1.21316111;-3.7471602;7.98724127
708;708;1599645066974;GR;247.8;3.71;-42.7
709;709;1599645066996;GA;1.21316111;-3.7471602;7.98724127
710;710;1599645066996;GR;247.8;3.71;-42.7
711;711;1599645067022;GA;1.21316111;-3.7471602;7.98724127
712;712;1599645067022;GR;247.8;3.71;-42.7
713;713;1599645067051;GA;1.41176546;-1.67976141;7.958528
714;714;1599645067051;GR;248.08;9.31;-41.37
715;715;1599645067073;GA;1.41176546;-1.67976141;7.958528
716;716;1599645067073;GR;248.08;9.31;-41.37
717;717;1599645067094;GA;1.253839;0.0071784677;7.81974459
718;718;1599645067094;GR;162.26;18.9;-48.3
719;719;1599645067118;GA;1.253839;0.0071784677;7.81974459
720;720;1599645067118;GR;162.26;18.9;-48.3
721;721;1599645067184;GA;0.7369894;2.39042974;8.532805
722;722;1599645067184;GR;67.340004;29.61;-57.05
723;723;1599645067207;GA;0.7369894;2.39042974;8.532805
724;724;1599645067207;GR;67.340004;29.61;-57.05
725;725;1599645067230;GA;-0.143569365;3.428915;9.516255
726;726;1599645067230;GR;46.48;40.04;-52.78
727;727;1599645067251;GA;-0.143569365;3.428915;9.516255
728;728;1599645067251;GR;46.48;40.04;-52.78
729;729;1599645067272;GA;-1.15334058;2.761317;8.757731
730;730;1599645067272;GR;-36.47;40.81;-33.95
731;731;1599645067294;GA;-1.15334058;2.761317;8.757731
732;732;1599645067294;GR;-36.47;40.81;-33.95
733;733;1599645067315;GA;-1.15334058;2.761317;8.757731
734;734;1599645067315;GR;-36.47;40.81;-33.95
735;735;1599645067337;GA;-1.19401848;3.1058836;9.96132
736;736;1599645067337;GR;-21.84;48.79;-6.44
737;737;1599645067360;GA;-1.19401848;3.1058836;9.96132
738;738;1599645067360;GR;-21.84;48.79;-6.44
739;739;1599645067384;GA;-2.22771788;0.614955366;11.5238342
740;740;1599645067384;GR;-62.86;29.61;-1.26
741;741;1599645067406;GA;-2.22771788;0.614955366;11.5238342
742;742;1599645067406;GR;-62.86;29.61;-1.26
743;743;1599645067428;GA;-2.22771788;0.614955366;11.5238342
744;744;1599645067428;GR;-62.86;29.61;-1.26
745;745;1599645067449;GA;-1.76351023;1.30408823;9.580862
746;746;1599645067449;GR;-10.43;15.47;9.94
747;747;1599645067471;GA;-1.76351023;1.30408823;9.580862
748;748;1599645067471;GR;-10.43;15.47;9.94
749;749;1599645067492;GA;-1.76351023;1.30408823;9.580862
750;750;1599645067492;GR;-10.43;15.47;9.94
751;751;1599645067515;GA;-2.00518537;0.41635114;10.0019979
752;752;1599645067515;GR;-37.87;-2.17;5.81
753;753;1599645067537;GA;-2.00518537;0.41635114;10.0019979
754;754;1599645067537;GR;-37.87;-2.17;5.81
755;755;1599645067558;GA;-2.00518537;0.41635114;10.0019979
756;756;1599645067558;GR;-37.87;-2.17;5.81
757;757;1599645067581;GA;-1.78025985;1.174876;9.963714
758;758;1599645067581;GR;15.54;-5.39;11.76
759;759;1599645067603;GA;-1.78025985;1.174876;9.963714
760;760;1599645067603;GR;15.54;-5.39;11.76
761;761;1599645067624;GA;-1.01694965;1.19401848;10.5810623
762;762;1599645067624;GR;16.8;7.98;16.03
763;763;1599645067645;GA;-1.01694965;1.19401848;10.5810623
764;764;1599645067645;GR;16.8;7.98;16.03
765;765;1599645067667;GA;-1.01694965;1.19401848;10.5810623
766;766;1599645067667;GR;16.8;7.98;16.03
767;767;1599645067689;GA;-2.065006;0.969093144;9.597611
768;768;1599645067689;GR;18.83;4.76;15.26
769;769;1599645067710;GA;-2.065006;0.969093144;9.597611
770;770;1599645067710;GR;18.83;4.76;15.26
771;771;1599645067732;GA;-2.065006;0.969093144;9.597611
772;772;1599645067732;GR;18.83;4.76;15.26
773;773;1599645067753;GA;-2.26600313;1.55772758;9.080762
774;774;1599645067753;GR;-6.09;-1.05;17.57
775;775;1599645067775;GA;-2.26600313;1.55772758;9.080762
776;776;1599645067775;GR;-6.09;-1.05;17.57
777;777;1599645067797;GA;-2.26600313;1.55772758;9.080762
778;778;1599645067797;GR;-6.09;-1.05;17.57
779;779;1599645067819;GA;-1.80897391;1.56969154;9.542577
780;780;1599645067819;GR;4.48;-21.56;6.58
781;781;1599645067842;GA;-1.80897391;1.56969154;9.542577
782;782;1599645067842;GR;4.48;-21.56;6.58
783;783;1599645067874;GA;-1.16769743;1.17248309;9.662218
784;784;1599645067874;GR;-19.53;-21.0;10.15
785;785;1599645067895;GA;-1.16769743;1.17248309;9.662218
786;786;1599645067895;GR;-19.53;-21.0;10.15
787;787;1599645067916;GA;-1.16769743;1.17248309;9.662218
788;788;1599645067916;GR;-19.53;-21.0;10.15
789;789;1599645067938;GA;-1.05762756;0.9547363;9.726824
790;790;1599645067938;GR;-28.6300011;-17.15;11.2
791;791;1599645067960;GA;-1.05762756;0.9547363;9.726824
792;792;1599645067960;GR;-28.6300011;-17.15;11.2
793;793;1599645067983;GA;-1.05762756;0.9547363;9.726824
794;794;1599645067983;GR;-28.6300011;-17.15;11.2
795;795;1599645068004;GA;-1.07198453;1.12462664;9.781858
796;796;1599645068004;GR;-15.68;-20.16;10.08
797;797;1599645068040;GA;-1.07198453;1.12462664;9.781858
798;798;1599645068040;GR;-15.68;-20.16;10.08
799;799;1599645068062;GA;-0.8853443;0.7489535;9.860823
800;800;1599645068062;GR;-24.92;-14.0;3.57
801;801;1599645068084;GA;-0.8853443;0.7489535;9.860823
802;802;1599645068084;GR;-24.92;-14.0;3.57
803;803;1599645068106;GA;-0.6723832;0.4331009;9.789038
804;804;1599645068106;GR;-18.83;-8.75;-1.68000007
805;805;1599645068128;GA;-0.6723832;0.4331009;9.789038
806;806;1599645068128;GR;-18.83;-8.75;-1.68000007
807;807;1599645068170;GA;-0.6723832;0.4331009;9.789038
808;808;1599645068170;GR;-18.83;-8.75;-1.68000007
809;809;1599645068192;GA;-0.586241543;0.720239639;9.920642
810;810;1599645068192;GR;-12.6;-2.87000012;-4.2
811;811;1599645068213;GA;-0.586241543;0.720239639;9.920642
812;812;1599645068213;GR;-12.6;-2.87000012;-4.2
813;813;1599645068236;GA;-0.689133;-0.11246267;9.743573
814;814;1599645068236;GR;-13.4400005;1.89;-3.64
815;815;1599645068258;GA;-0.689133;-0.11246267;9.743573
816;816;1599645068258;GR;-13.4400005;1.89;-3.64
817;817;1599645068280;GA;-0.689133;-0.11246267;9.743573
818;818;1599645068280;GR;-13.4400005;1.89;-3.64
819;819;1599645068304;GA;-0.70348984;0.023928225;9.702895
820;820;1599645068304;GR;0.35;-0.98;-2.52
821;821;1599645068325;GA;-0.70348984;0.023928225;9.702895
822;822;1599645068325;GR;0.35;-0.98;-2.52
823;823;1599645068347;GA;-0.6628118;0.20817557;9.915856
824;824;1599645068347;GR;1.26;-0.840000033;-1.54
825;825;1599645068369;GA;-0.6628118;0.20817557;9.915856
826;826;1599645068369;GR;1.26;-0.840000033;-1.54
827;827;1599645068390;GA;-0.6628118;0.20817557;9.915856
828;828;1599645068390;GR;1.26;-0.840000033;-1.54
829;829;1599645068412;GA;-0.629312336;0.184247345;9.815358
830;830;1599645068412;GR;-2.59;-0.63;-1.05
831;831;1599645068433;GA;-0.629312336;0.184247345;9.815358
832;832;1599645068433;GR;-2.59;-0.63;-1.05
833;833;1599645068455;GA;-0.629312336;0.184247345;9.815358
834;834;1599645068455;GR;-2.59;-0.63;-1.05
835;835;1599645068477;GA;-0.658026159;0.09810572;9.779467
836;836;1599645068477;GR;0.91;-1.68000007;-0.07
837;837;1599645068499;GA;-0.658026159;0.09810572;9.779467
838;838;1599645068499;GR;0.91;-1.68000007;-0.07
839;839;1599645068521;GA;-0.658026159;0.09810572;9.779467
840;840;1599645068521;GR;0.91;-1.68000007;-0.07
841;841;1599645068543;GA;-0.5910272;0.174676061;9.834501
842;842;1599645068543;GR;2.73;-0.14;0.210000008
843;843;1599645068565;GA;-0.5910272;0.174676061;9.834501
844;844;1599645068565;GR;2.73;-0.14;0.210000008
845;845;1599645068587;GA;-0.614955366;0.29671;9.913465
846;846;1599645068587;GR;-0.56;0.7;-0.210000008
847;847;1599645068608;GA;-0.614955366;0.29671;9.913465
848;848;1599645068608;GR;-0.56;0.7;-0.210000008
849;849;1599645068630;GA;-0.614955366;0.29671;9.913465
850;850;1599645068630;GR;-0.56;0.7;-0.210000008
851;851;1599645068651;GA;-0.681954443;0.141176537;9.817751
852;852;1599645068651;GR;-0.840000033;0.840000033;-0.56
853;853;1599645068674;GA;-0.681954443;0.141176537;9.817751
854;854;1599645068674;GR;-0.840000033;0.840000033;-0.56
855;855;1599645068695;GA;-0.681954443;0.141176537;9.817751
856;856;1599645068695;GR;-0.840000033;0.840000033;-0.56
857;857;1599645068718;GA;-0.60777694;0.09810572;9.810574
858;858;1599645068718;GR;-1.68000007;0.840000033;-0.63
859;859;1599645068741;GA;-0.60777694;0.09810572;9.810574
860;860;1599645068741;GR;-1.68000007;0.840000033;-0.63
861;861;1599645068762;GA;-0.586241543;0.227318153;9.824929
862;862;1599645068762;GR;-3.78;1.82;-1.19
863;863;1599645068783;GA;-0.586241543;0.227318153;9.824929
864;864;1599645068783;GR;-3.78;1.82;-1.19
865;865;1599645068805;GA;-0.586241543;0.227318153;9.824929
866;866;1599645068805;GR;-3.78;1.82;-1.19
867;867;1599645068826;GA;-0.6652047;-0.00478564529;9.829715
868;868;1599645068826;GR;-3.78;1.4;-0.49
869;869;1599645068849;GA;-0.6652047;-0.00478564529;9.829715
870;870;1599645068849;GR;-3.78;1.4;-0.49
871;871;1599645068875;GA;-0.6652047;-0.00478564529;9.829715
872;872;1599645068875;GR;-3.78;1.4;-0.49
873;873;1599645068897;GA;-0.6675976;0.110069841;9.79143
874;874;1599645068897;GR;-4.62;1.61;-1.75
875;875;1599645068918;GA;-0.6675976;0.110069841;9.79143
876;876;1599645068918;GR;-4.62;1.61;-1.75
877;877;1599645068939;GA;-0.6675976;0.110069841;9.79143
878;878;1599645068939;GR;-4.62;1.61;-1.75
879;879;1599645068962;GA;-0.586241543;-0.023928225;9.80818
880;880;1599645068962;GR;1.82;1.19;-1.4
881;881;1599645068984;GA;-0.586241543;-0.023928225;9.80818
882;882;1599645068984;GR;1.82;1.19;-1.4
883;883;1599645069006;GA;-0.586241543;-0.023928225;9.80818
884;884;1599645069006;GR;1.82;1.19;-1.4
885;885;1599645069045;GA;-0.70348984;0.150747821;9.812965
886;886;1599645069045;GR;0.63;1.05;-0.35
887;887;1599645069069;GA;-0.65563345;0.105284192;9.798609
888;888;1599645069069;GR;2.94;0.840000033;0.07
889;889;1599645069092;GA;-0.65563345;0.105284192;9.798609
890;890;1599645069092;GR;2.94;0.840000033;0.07
891;891;1599645069113;GA;-0.65563345;0.105284192;9.798609
892;892;1599645069113;GR;2.94;0.840000033;0.07
893;893;1599645069135;GA;-0.63888365;0.110069841;9.846465
894;894;1599645069135;GR;1.61;1.12;0.14
895;895;1599645069170;GA;-0.63888365;0.110069841;9.846465
896;896;1599645069170;GR;1.61;1.12;0.14
897;897;1599645069192;GA;-0.681954443;0.148355;9.75793
898;898;1599645069192;GR;1.75;2.45;0.49
899;899;1599645069214;GA;-0.681954443;0.148355;9.75793
900;900;1599645069214;GR;1.75;2.45;0.49
901;901;1599645069235;GA;-0.681954443;0.148355;9.75793
902;902;1599645069235;GR;1.75;2.45;0.49
903;903;1599645069257;GA;-0.6675976;0.08614162;9.836893
904;904;1599645069257;GR;2.66;0.77;0.210000008
905;905;1599645069278;GA;-0.6675976;0.08614162;9.836893
906;906;1599645069278;GR;2.66;0.77;0.210000008
907;907;1599645069301;GA;-0.631705165;0.124426775;9.817751
908;908;1599645069301;GR;3.29;1.19;1.4
909;909;1599645069324;GA;-0.631705165;0.124426775;9.817751
910;910;1599645069324;GR;3.29;1.19;1.4
911;911;1599645069345;GA;-0.631705165;0.124426775;9.817751
912;912;1599645069345;GR;3.29;1.19;1.4
913;913;1599645069367;GA;-0.9595219;0.313459754;9.765109
914;914;1599645069367;GR;6.37;4.06;3.01
915;915;1599645069388;GA;-0.9595219;0.313459754;9.765109
916;916;1599645069388;GR;6.37;4.06;3.01
917;917;1599645069410;GA;-0.9595219;0.313459754;9.765109
918;918;1599645069410;GR;6.37;4.06;3.01
919;919;1599645069431;GA;-0.6843473;0.387637258;9.856036
920;920;1599645069431;GR;0.420000017;2.94;-1.89
921;921;1599645069453;GA;-0.6843473;0.387637258;9.856036
922;922;1599645069453;GR;0.420000017;2.94;-1.89
923;923;1599645069474;GA;-0.6843473;0.387637258;9.856036
924;924;1599645069474;GR;0.420000017;2.94;-1.89
925;925;1599645069495;GA;-0.65563345;0.248853549;9.882358
926;926;1599645069495;GR;-1.26;3.36000013;-1.61
927;927;1599645069517;GA;-0.65563345;0.248853549;9.882358
928;928;1599645069517;GR;-1.26;3.36000013;-1.61
929;929;1599645069539;GA;-0.65563345;0.248853549;9.882358
930;930;1599645069539;GR;-1.26;3.36000013;-1.61
931;931;1599645069561;GA;-0.8135597;0.215354055;9.765109
932;932;1599645069561;GR;-3.01;4.55;-1.54
933;933;1599645069582;GA;-0.8135597;0.215354055;9.765109
934;934;1599645069582;GR;-3.01;4.55;-1.54
935;935;1599645069604;GA;-0.837487936;0.13639088;9.77468
936;936;1599645069604;GR;0.49;1.4;-0.98
937;937;1599645069626;GA;-0.837487936;0.13639088;9.77468
938;938;1599645069626;GR;0.49;1.4;-0.98
939;939;1599645069647;GA;-0.837487936;0.13639088;9.77468
940;940;1599645069647;GR;0.49;1.4;-0.98
941;941;1599645069670;GA;-0.86380893;0.339780778;9.856036
942;942;1599645069670;GR;-0.210000008;0.7;-0.63
943;943;1599645069691;GA;-0.86380893;0.339780778;9.856036
944;944;1599645069691;GR;-0.210000008;0.7;-0.63
945;945;1599645069713;GA;-0.86380893;0.339780778;9.856036
946;946;1599645069713;GR;-0.210000008;0.7;-0.63
947;947;1599645069735;GA;-0.8757731;0.10049855;9.844072
948;948;1599645069735;GR;-1.19;0.07;0.210000008
949;949;1599645069757;GA;-0.8757731;0.10049855;9.844072
950;950;1599645069757;GR;-1.19;0.07;0.210000008
951;951;1599645069779;GA;-0.8757731;0.10049855;9.844072
952;952;1599645069779;GR;-1.19;0.07;0.210000008
953;953;1599645069800;GA;-0.7752745;0.198604286;9.844072
954;954;1599645069800;GR;0.91;-0.7;0.14
955;955;1599645069822;GA;-0.7752745;0.198604286;9.844072
956;956;1599645069822;GR;0.91;-0.7;0.14
957;957;1599645069847;GA;-0.8494521;0.339780778;9.796216
958;958;1599645069847;GR;-2.17;2.94;-0.91
959;959;1599645069872;GA;-0.8494521;0.339780778;9.796216
960;960;1599645069872;GR;-2.17;2.94;-0.91
961;961;1599645069894;GA;-0.8494521;0.339780778;9.796216
962;962;1599645069894;GR;-2.17;2.94;-0.91
963;963;1599645069915;GA;-0.7920243;-0.0191425811;9.805787
964;964;1599645069915;GR;0.35;-0.210000008;-0.7
965;965;1599645069937;GA;-0.7920243;-0.0191425811;9.805787
966;966;1599645069937;GR;0.35;-0.210000008;-0.7
967;967;1599645069958;GA;-0.7920243;-0.0191425811;9.805787
968;968;1599645069958;GR;0.35;-0.210000008;-0.7
969;969;1599645069980;GA;-0.801595569;0.229710966;9.820145
970;970;1599645069980;GR;-1.68000007;1.75;-0.91
971;971;1599645070002;GA;-0.801595569;0.229710966;9.820145
972;972;1599645070002;GR;-1.68000007;1.75;-0.91
973;973;1599645070038;GA;-0.873380244;0.08614162;9.769895
974;974;1599645070038;GR;-0.56;1.75;-0.91
975;975;1599645070061;GA;-0.873380244;0.08614162;9.769895
976;976;1599645070061;GR;-0.56;1.75;-0.91
977;977;1599645070084;GA;-0.899701357;0.0789631456;9.688539
978;978;1599645070084;GR;1.26;0.210000008;-0.63
979;979;1599645070105;GA;-0.899701357;0.0789631456;9.688539
980;980;1599645070105;GR;1.26;0.210000008;-0.63
981;981;1599645070126;GA;-0.899701357;0.0789631456;9.688539
982;982;1599645070126;GR;1.26;0.210000008;-0.63
983;983;1599645070148;GA;-0.8494521;0.193818629;9.856036
984;984;1599645070148;GR;2.94;-1.82;0.56
985;985;1599645070185;GA;-0.8494521;0.193818629;9.856036
986;986;1599645070185;GR;2.94;-1.82;0.56
987;987;1599645070209;GA;-0.8039884;0.155533478;9.772287
988;988;1599645070209;GR;3.15;-3.71;2.03
989;989;1599645070231;GA;-0.8039884;0.155533478;9.772287
990;990;1599645070231;GR;3.15;-3.71;2.03
991;991;1599645070253;GA;-0.8039884;0.155533478;9.772287
992;992;1599645070253;GR;3.15;-3.71;2.03
993;993;1599645070275;GA;-0.7489535;0.3661019;9.851252
994;994;1599645070275;GR;3.57;-2.87000012;1.54
995;995;1599645070297;GA;-0.7489535;0.3661019;9.851252
996;996;1599645070297;GR;3.57;-2.87000012;1.54
997;997;1599645070318;GA;-0.7489535;0.3661019;9.851252
998;998;1599645070318;GR;3.57;-2.87000012;1.54
999;999;1599645070340;GA;-0.777667344;0.394815743;9.858429
1000;1000;1599645070340;GR;-0.14;0.28;-0.14
1001;1001;1599645070362;GA;-0.777667344;0.394815743;9.858429
1002;1002;1599645070362;GR;-0.14;0.28;-0.14
1003;1003;1599645070383;GA;-0.7274181;0.212961212;9.812965
1004;1004;1599645070383;GR;-0.98;1.47;-0.77
1005;1005;1599645070405;GA;-0.7274181;0.212961212;9.812965
1006;1006;1599645070405;GR;-0.98;1.47;-0.77
1007;1007;1599645070426;GA;-0.7274181;0.212961212;9.812965
1008;1008;1599645070426;GR;-0.98;1.47;-0.77
1009;1009;1599645070448;GA;-0.7537392;0.2656033;9.79143
1010;1010;1599645070448;GR;-0.420000017;0.210000008;-0.28
1011;1011;1599645070470;GA;-0.7537392;0.2656033;9.79143
1012;1012;1599645070470;GR;-0.420000017;0.210000008;-0.28
1013;1013;1599645070492;GA;-0.7537392;0.2656033;9.79143
1014;1014;1599645070492;GR;-0.420000017;0.210000008;-0.28
1015;1015;1599645070513;GA;-0.7082755;0.2751746;9.79143
1016;1016;1599645070513;GR;-1.61;0.840000033;-0.49
1017;1017;1599645070536;GA;-0.7082755;0.2751746;9.79143
1018;1018;1599645070536;GR;-1.61;0.840000033;-0.49
1019;1019;1599645070558;GA;-0.7082755;0.2751746;9.79143
1020;1020;1599645070558;GR;-1.61;0.840000033;-0.49
1021;1021;1599645070580;GA;-0.8709875;0.349352121;9.803394
1022;1022;1599645070580;GR;0.840000033;0.63;-0.420000017
1023;1023;1599645070601;GA;-0.8709875;0.349352121;9.803394
1024;1024;1599645070601;GR;0.840000033;0.63;-0.420000017
1025;1025;1599645070624;GA;-0.777667344;0.1794617;9.784252
1026;1026;1599645070624;GR;0.840000033;0.63;-0.420000017
1027;1027;1599645070646;GA;-0.777667344;0.1794617;9.784252
1028;1028;1599645070646;GR;0.840000033;0.63;-0.420000017
1029;1029;1599645070668;GA;-0.777667344;0.1794617;9.784252
1030;1030;1599645070668;GR;0.840000033;0.63;-0.420000017
1031;1031;1599645070690;GA;-0.763310432;0.35174492;9.863215
1032;1032;1599645070690;GR;0.210000008;0.77;0.14
1033;1033;1599645070711;GA;-0.763310432;0.35174492;9.863215
1034;1034;1599645070711;GR;0.210000008;0.77;0.14
1035;1035;1599645070733;GA;-0.763310432;0.35174492;9.863215
1036;1036;1599645070733;GR;0.210000008;0.77;0.14
1037;1037;1599645070755;GA;-0.8135597;0.3206382;9.762716
1038;1038;1599645070755;GR;1.82;-0.07;0.210000008
1039;1039;1599645070777;GA;-0.8135597;0.3206382;9.762716
1040;1040;1599645070777;GR;1.82;-0.07;0.210000008
1041;1041;1599645070799;GA;-0.7226324;0.248853549;9.796216
1042;1042;1599645070799;GR;0.840000033;0.98;0.28
1043;1043;1599645070820;GA;-0.7226324;0.248853549;9.796216
1044;1044;1599645070820;GR;0.840000033;0.98;0.28
1045;1045;1599645070842;GA;-0.7226324;0.248853549;9.796216
1046;1046;1599645070842;GR;0.840000033;0.98;0.28
1047;1047;1599645070864;GA;-0.741775036;0.251246363;9.789038
1048;1048;1599645070864;GR;0.77;0.840000033;-0.49
1049;1049;1599645070889;GA;-0.741775036;0.251246363;9.789038
1050;1050;1599645070889;GR;0.77;0.840000033;-0.49
1051;1051;1599645070910;GA;-0.741775036;0.251246363;9.789038
1052;1052;1599645070910;GR;0.77;0.840000033;-0.49
1053;1053;1599645070932;GA;-0.720239639;0.217746869;9.848858
1054;1054;1599645070932;GR;1.05;0.210000008;0.14
1055;1055;1599645070953;GA;-0.720239639;0.217746869;9.848858
1056;1056;1599645070953;GR;1.05;0.210000008;0.14
1057;1057;1599645070974;GA;-0.720239639;0.217746869;9.848858
1058;1058;1599645070974;GR;1.05;0.210000008;0.14
1059;1059;1599645070997;GA;-0.7609176;0.349352121;9.803394
1060;1060;1599645070997;GR;-0.91;0.77;-0.7
1061;1061;1599645071018;GA;-0.7609176;0.349352121;9.803394
1062;1062;1599645071018;GR;-0.91;0.77;-0.7
1063;1063;1599645071051;GA;-0.8111669;0.3086741;9.853643
1064;1064;1599645071051;GR;0.98;-0.35;-0.07
1065;1065;1599645071075;GA;-0.8111669;0.3086741;9.853643
1066;1066;1599645071075;GR;0.98;-0.35;-0.07
1067;1067;1599645071096;GA;-0.8111669;0.3086741;9.853643
1068;1068;1599645071096;GR;0.98;-0.35;-0.07
1069;1069;1599645071119;GA;-0.7393822;0.315852582;9.769895
1070;1070;1599645071119;GR;-0.63;1.05;-0.07
1071;1071;1599645071140;GA;-0.7393822;0.315852582;9.769895
1072;1072;1599645071140;GR;-0.63;1.05;-0.07
1073;1073;1599645071162;GA;-0.808774;0.124426775;9.829715
1074;1074;1599645071162;GR;-0.28;-0.28;0.49
1075;1075;1599645071199;GA;-0.808774;0.124426775;9.829715
1076;1076;1599645071199;GR;-0.28;-0.28;0.49
1077;1077;1599645071221;GA;-0.7345965;0.222532481;9.810574
1078;1078;1599645071221;GR;-0.28;-0.35;0.35
1079;1079;1599645071244;GA;-0.7345965;0.222532481;9.810574
1080;1080;1599645071244;GR;-0.28;-0.35;0.35
1081;1081;1599645071265;GA;-0.7345965;0.222532481;9.810574
1082;1082;1599645071265;GR;-0.28;-0.35;0.35
1083;1083;1599645071287;GA;-0.7130611;0.327816725;9.846465
1084;1084;1599645071287;GR;2.38;-0.77;0.49
1085;1085;1599645071308;GA;-0.7130611;0.327816725;9.846465
1086;1086;1599645071308;GR;2.38;-0.77;0.49
1087;1087;1599645071330;GA;-0.7130611;0.327816725;9.846465
1088;1088;1599645071330;GR;2.38;-0.77;0.49
1089;1089;1599645071351;GA;-0.8111669;0.172283247;9.741181
1090;1090;1599645071351;GR;-2.31;1.12;0.420000017
1091;1091;1599645071373;GA;-0.8111669;0.172283247;9.741181
1092;1092;1599645071373;GR;-2.31;1.12;0.420000017
1093;1093;1599645071395;GA;-0.8111669;0.172283247;9.741181
1094;1094;1599645071395;GR;-2.31;1.12;0.420000017
1095;1095;1599645071417;GA;-0.7609176;0.246460736;9.767502
1096;1096;1599645071417;GR;1.05;0.210000008;0.210000008
1097;1097;1599645071438;GA;-0.7609176;0.246460736;9.767502
1098;1098;1599645071438;GR;1.05;0.210000008;0.210000008
1099;1099;1599645071460;GA;-0.725025237;0.13639088;9.779467
1100;1100;1599645071460;GR;0.77;-0.840000033;0.210000008
1101;1101;1599645071481;GA;-0.725025237;0.13639088;9.779467
1102;1102;1599645071481;GR;0.77;-0.840000033;0.210000008
1103;1103;1599645071503;GA;-0.725025237;0.13639088;9.779467
1104;1104;1599645071503;GR;0.77;-0.840000033;0.210000008
1105;1105;1599645071526;GA;-0.7920243;0.260817677;9.743573
1106;1106;1599645071526;GR;1.82;-0.28;0.7
1107;1107;1599645071547;GA;-0.7920243;0.260817677;9.743573
1108;1108;1599645071547;GR;1.82;-0.28;0.7
1109;1109;1599645071569;GA;-0.7920243;0.260817677;9.743573
1110;1110;1599645071569;GR;1.82;-0.28;0.7
1111;1111;1599645071591;GA;-0.746560633;0.30388847;9.812965
1112;1112;1599645071591;GR;5.11;-1.47;0.49
1113;1113;1599645071612;GA;-0.746560633;0.30388847;9.812965
1114;1114;1599645071612;GR;5.11;-1.47;0.49
1115;1115;1599645071634;GA;-0.746560633;0.30388847;9.812965
1116;1116;1599645071634;GR;5.11;-1.47;0.49
1117;1117;1599645071655;GA;-0.5670989;0.3086741;9.834501
1118;1118;1599645071655;GR;-1.61;-0.98;1.4
1119;1119;1599645071676;GA;-0.5670989;0.3086741;9.834501
1120;1120;1599645071676;GR;-1.61;-0.98;1.4
1121;1121;1599645071698;GA;-0.746560633;0.349352121;9.79143
1122;1122;1599645071698;GR;2.52;-1.33;1.26
1123;1123;1599645071722;GA;-0.746560633;0.349352121;9.79143
1124;1124;1599645071722;GR;2.52;-1.33;1.26
1125;1125;1599645071743;GA;-0.746560633;0.349352121;9.79143
1126;1126;1599645071743;GR;2.52;-1.33;1.26
1127;1127;1599645071775;GA;-0.3804588;0.129212424;10.0163555
1128;1128;1599645071775;GR;8.82;-8.12;4.06
1129;1129;1599645071808;GA;-0.3804588;0.129212424;10.0163555
1130;1130;1599645071808;GR;8.82;-8.12;4.06
1131;1131;1599645071831;GA;-0.658026159;0.4307081;9.767502
1132;1132;1599645071831;GR;-6.02;-8.12;2.31
1133;1133;1599645071852;GA;-0.658026159;0.4307081;9.767502
1134;1134;1599645071852;GR;-6.02;-8.12;2.31
1135;1135;1599645071881;GA;-0.4977071;0.5383851;9.918249
1136;1136;1599645071881;GR;-1.75;0.91;-0.77
1137;1137;1599645071914;GA;-0.4977071;0.5383851;9.918249
1138;1138;1599645071914;GR;-1.75;0.91;-0.77
1139;1139;1599645071937;GA;-0.500099957;0.311066955;9.868
1140;1140;1599645071937;GR;-9.24;5.32;-0.35
1141;1141;1599645071961;GA;-0.500099957;0.311066955;9.868
1142;1142;1599645071961;GR;-9.24;5.32;-0.35
1143;1143;1599645071984;GA;-0.500099957;0.311066955;9.868
1144;1144;1599645071984;GR;-9.24;5.32;-0.35
1145;1145;1599645072009;GA;-0.595812857;0.2009971;9.839286
1146;1146;1599645072009;GR;1.19;-3.99;0.420000017
1147;1147;1599645072030;GA;-0.595812857;0.2009971;9.839286
1148;1148;1599645072030;GR;1.19;-3.99;0.420000017
1149;1149;1599645072070;GA;-0.595812857;0.2009971;9.839286
1150;1150;1599645072070;GR;1.19;-3.99;0.420000017
1151;1151;1599645072097;GA;-0.681954443;0.3589234;9.829715
1152;1152;1599645072097;GR;-3.01;2.87000012;-1.12
1153;1153;1599645072133;GA;-0.7058827;-0.009571291;9.79143
1154;1154;1599645072133;GR;-1.26;-3.22;0.420000017
1155;1155;1599645072162;GA;-0.7058827;-0.009571291;9.79143
1156;1156;1599645072162;GR;-1.26;-3.22;0.420000017
1157;1157;1599645072190;GA;-0.660419047;0.193818629;9.801002
1158;1158;1599645072190;GR;-0.7;0.7;-1.33
1159;1159;1599645072225;GA;-0.660419047;0.193818629;9.801002
1160;1160;1599645072225;GR;-0.7;0.7;-1.33
1161;1161;1599645072259;GA;-0.741775036;0.246460736;9.724431
1162;1162;1599645072259;GR;-1.61;-3.36000013;0.28
1163;1163;1599645072292;GA;-0.741775036;0.246460736;9.724431
1164;1164;1599645072292;GR;-1.61;-3.36000013;0.28
1165;1165;1599645072325;GA;-0.44745785;0.267996132;9.846465
1166;1166;1599645072325;GR;1.33;0.210000008;-0.7
1167;1167;1599645072359;GA;-0.44745785;0.267996132;9.846465
1168;1168;1599645072359;GR;1.33;0.210000008;-0.7
1169;1169;1599645072404;GA;-0.5503492;0.3062813;9.74836
1170;1170;1599645072404;GR;1.68000007;-2.8;1.12
1171;1171;1599645072430;GA;-0.406779855;0.44745785;9.836893
1172;1172;1599645072430;GR;-6.16;1.47;1.12
1173;1173;1599645072463;GA;-0.406779855;0.44745785;9.836893
1174;1174;1599645072463;GR;-6.16;1.47;1.12
1175;1175;1599645072495;GA;-0.5240281;-0.04307081;9.745967
1176;1176;1599645072495;GR;1.68000007;1.12;3.36000013
1177;1177;1599645072527;GA;-0.5240281;-0.04307081;9.745967
1178;1178;1599645072527;GR;1.68000007;1.12;3.36000013
1179;1179;1599645072560;GA;-0.6436693;0.2943172;9.829715
1180;1180;1599645072560;GR;-0.07;1.47;0.98
1181;1181;1599645072581;GA;-0.6436693;0.2943172;9.829715
1182;1182;1599645072581;GR;-0.07;1.47;0.98
1183;1183;1599645072602;GA;-0.299102843;0.449850678;9.75793
1184;1184;1599645072602;GR;2.24;-7.84;-3.22
1185;1185;1599645072628;GA;-0.299102843;0.449850678;9.75793
1186;1186;1599645072628;GR;2.24;-7.84;-3.22
1187;1187;1599645072645;GA;-0.299102843;0.449850678;9.75793
1188;1188;1599645072645;GR;2.24;-7.84;-3.22
1189;1189;1599645072666;GA;-0.375673145;0.167497575;9.817751
1190;1190;1599645072666;GR;2.66;-3.85;-0.7
1191;1191;1599645072688;GA;-0.375673145;0.167497575;9.817751
1192;1192;1599645072688;GR;2.66;-3.85;-0.7
1193;1193;1599645072709;GA;-0.375673145;0.167497575;9.817751
1194;1194;1599645072709;GR;2.66;-3.85;-0.7
1195;1195;1599645072731;GA;-0.229710966;0.339780778;9.927821
1196;1196;1599645072731;GR;-0.98;-3.15;-1.26
1197;1197;1599645072753;GA;-0.229710966;0.339780778;9.927821
1198;1198;1599645072753;GR;-0.98;-3.15;-1.26
1199;1199;1599645072777;GA;-0.3469593;0.2751746;9.868
1200;1200;1599645072777;GR;-2.03;-1.4;-0.98
